epoch,train_loss,val_BLEU_1,val_BLEU_2,val_BLEU_3,val_BLEU_4,val_METEOR,val_ROUGE_L,test_BLEU_1,test_BLEU_2,test_BLEU_3,test_BLEU_4,test_METEOR,test_ROUGE_L,time,seed,best_model_from
2,2.8202662211198075,0.36730334908955875,0.22448007388694613,0.15345093050815853,0.10961469081367171,0.1443338363882663,0.3379054203590832,0.38467521591165693,0.2349544982440262,0.16180536708807525,0.1165106941450137,0.15197106876044986,0.34889435895747195,Tue Sep 27 09:04:54 2022,9223,
1,4.202306831800021,0.37168194048461667,0.25763392258119167,0.1905910261933637,0.14369495451311132,0.1674246031817659,0.3916984507402453,0.425126500384458,0.29878016415900205,0.22733235192662285,0.17694135854611404,0.18627447980272402,0.41299368606402137,Thu Sep 22 03:17:06 2022,9223,test