val_BLEU_4,epoch,train_loss,val_BLEU_1,val_BLEU_2,val_BLEU_3,val_METEOR,val_ROUGE_L,test_BLEU_1,test_BLEU_2,test_BLEU_3,test_BLEU_4,test_METEOR,test_ROUGE_L,time,seed,best_model_from
0.10674464290333262,7,2.2742535554445706,0.22309619791891194,0.157693880288185,0.12230770684964534,0.1274196275875159,0.538630791978758,0.27759353531880904,0.1950313430205181,0.1516800017195476,0.13333165209344555,0.13962035600279432,0.5595517284892698,Tue Dec  6 19:30:10 2022,9223,val
0.10674464290333262,7,2.2742535554445706,0.22309619791891194,0.157693880288185,0.12230770684964534,0.1274196275875159,0.538630791978758,0.27759353531880904,0.1950313430205181,0.1516800017195476,0.13333165209344555,0.13962035600279432,0.5595517284892698,Tue Dec  6 19:30:10 2022,9223,test
