epoch,train_loss,val_BLEU_1,val_BLEU_2,val_BLEU_3,val_BLEU_4,val_METEOR,val_ROUGE_L,test_BLEU_1,test_BLEU_2,test_BLEU_3,test_BLEU_4,test_METEOR,test_ROUGE_L,time,seed,best_model_from
22,0.8667724870718443,0.40456607752018797,0.24681801399222952,0.16854022064815935,0.12259902761540604,0.16248559577059854,0.33850812570061495,0.44080193281062996,0.2794393341131448,0.2013309546404156,0.15457700045571196,0.18080288641775172,0.3580490214944633,Wed Oct 19 04:34:11 2022,9223,val
22,0.8667724870718443,0.40456607752018797,0.24681801399222952,0.16854022064815935,0.12259902761540604,0.16248559577059854,0.33850812570061495,0.44080193281062996,0.2794393341131448,0.2013309546404156,0.15457700045571196,0.18080288641775172,0.3580490214944633,Wed Oct 19 04:34:11 2022,9223,test
