epoch,train_loss,val_BLEU_1,val_BLEU_2,val_BLEU_3,val_BLEU_4,val_METEOR,val_ROUGE_L,test_BLEU_1,test_BLEU_2,test_BLEU_3,test_BLEU_4,test_METEOR,test_ROUGE_L,time,seed,best_model_from
14,1.023744698212697,0.23983165886593438,0.1680210138131846,0.13012305651693867,0.11150285187777058,0.1266901265272369,0.5289011828822385,0.3113374912348723,0.21592063735159142,0.1637032377957784,0.13964468806313055,0.14629360405407943,0.5581102451641514,Tue Oct  4 00:26:59 2022,9223,val
13,1.1117537585588602,0.2523350667787251,0.17181433068542518,0.12809901208085814,0.10610815240719222,0.12543433248732558,0.5245931350382828,0.31803015014068153,0.2240551717679516,0.17312804083439023,0.14929718537743192,0.14649473041780509,0.5579372640961492,Tue Oct  4 00:26:59 2022,9223,test
