val_BLEU_4,epoch,train_loss,val_BLEU_1,val_BLEU_2,val_BLEU_3,val_METEOR,val_ROUGE_L,test_BLEU_1,test_BLEU_2,test_BLEU_3,test_BLEU_4,test_METEOR,test_ROUGE_L,time,seed,best_model_from
0.1295414373510203,7,1.9984019013551566,0.27622996810707867,0.19395624524900687,0.15004566908868044,0.13963700839429977,0.5379478429210256,0.33846582456274055,0.23689671165301854,0.18326189509130753,0.15976771267930942,0.1582087478022353,0.562417597907448,Tue Dec  6 18:27:30 2022,9223,val
0.1295414373510203,7,1.9984019013551566,0.27622996810707867,0.19395624524900687,0.15004566908868044,0.13963700839429977,0.5379478429210256,0.33846582456274055,0.23689671165301854,0.18326189509130753,0.15976771267930942,0.1582087478022353,0.562417597907448,Tue Dec  6 18:27:30 2022,9223,test