epoch,train_loss,val_BLEU_1,val_BLEU_2,val_BLEU_3,val_BLEU_4,val_METEOR,val_ROUGE_L,test_BLEU_1,test_BLEU_2,test_BLEU_3,test_BLEU_4,test_METEOR,test_ROUGE_L,time,seed,best_model_from
1,4.292638316521278,0.35167928487715,0.2333381002178163,0.16839301075913893,0.12546128600198347,0.1495786684146418,0.38744534603923436,0.3961741182892325,0.26365976889860365,0.1925615157395059,0.14584660441601663,0.16387188027607166,0.4017220594793818,Sun Oct  9 09:19:49 2022,9223,val
1,4.292638316521278,0.35167928487715,0.2333381002178163,0.16839301075913893,0.12546128600198347,0.1495786684146418,0.38744534603923436,0.3961741182892325,0.26365976889860365,0.1925615157395059,0.14584660441601663,0.16387188027607166,0.4017220594793818,Sun Oct  9 09:19:49 2022,9223,test
