epoch,train_loss,val_BLEU_1,val_BLEU_2,val_BLEU_4,val_BLEU_3,val_METEOR,val_ROUGE_L,test_BLEU_1,test_BLEU_2,test_BLEU_3,test_BLEU_4,test_METEOR,test_ROUGE_L,time,seed,best_model_from
6,1.7529278049102197,0.3939969123028346,0.2813811532439558,0.19031897101355003,0.21848547723913642,0.17523592533097807,0.5448025789217736,0.44262397317187446,0.31235430369016565,0.23743366600653137,0.20541310731756188,0.19248086400202985,0.5690106587673455,Mon Dec 12 16:58:43 2022,9223,val
7,1.6336713121487545,0.40831210185971606,0.28683632880961585,0.1814283928339515,0.2163793931782693,0.17428541339516732,0.5389489900322687,0.45903394754980875,0.32508710772175836,0.24850987086125034,0.21089427056696383,0.1936374369061286,0.5645967316839935,Mon Dec 12 16:58:43 2022,9223,test
