epoch,train_loss,val_BLEU_1,val_BLEU_2,val_BLEU_3,val_BLEU_4,val_METEOR,val_ROUGE_L,test_BLEU_1,test_BLEU_2,test_BLEU_3,test_BLEU_4,test_METEOR,test_ROUGE_L,time,seed,best_model_from
2,2.8202662211198075,0.3684474631900132,0.22492133770688422,0.1534923436256102,0.10955592968835921,0.15138331190882903,0.33631324627122755,0.38002175446151143,0.2348890020242268,0.16281573389129947,0.11834589493882457,0.1575904648398296,0.34793167751253823,Wed Sep 28 14:10:06 2022,9223,
1,4.202306831800021,0.37168194048461667,0.25763392258119167,0.1905910261933637,0.14369495451311132,0.1674246031817659,0.3916984507402453,0.425126500384458,0.29878016415900205,0.22733235192662285,0.17694135854611404,0.18627447980272402,0.41299368606402137,Wed Sep 28 14:10:06 2022,9223,test
