epoch,train_loss,val_BLEU_1,val_BLEU_2,val_BLEU_3,val_BLEU_4,val_METEOR,val_ROUGE_L,test_BLEU_1,test_BLEU_2,test_BLEU_3,test_BLEU_4,test_METEOR,test_ROUGE_L,time,seed,best_model_from
2,3.038149857521057,0.42038969032307894,0.27622430884586197,0.19956799594383373,0.14975084087122306,0.17022244382865873,0.3815456358900769,0.4627779914208845,0.30723259856771273,0.22646610142739548,0.17335327676267695,0.19068102137367257,0.39776729849280856,Mon Oct 10 20:25:39 2022,9223,val
2,3.038149857521057,0.42038969032307894,0.27622430884586197,0.19956799594383373,0.14975084087122306,0.17022244382865873,0.3815456358900769,0.4627779914208845,0.30723259856771273,0.22646610142739548,0.17335327676267695,0.19068102137367257,0.39776729849280856,Mon Oct 10 20:25:39 2022,9223,test
