epoch,train_loss,val_BLEU_1,val_BLEU_2,val_BLEU_3,val_BLEU_4,val_METEOR,val_ROUGE_L,test_BLEU_1,test_BLEU_2,test_BLEU_3,test_BLEU_4,test_METEOR,test_ROUGE_L,time,seed,best_model_from
8,1.462832802075606,0.28815710536812333,0.20034889348294557,0.15465282335939268,0.13188108632887344,0.1405684034848581,0.5397695700176687,0.34623626031307886,0.23997592290000017,0.18287608043210993,0.1563347515178277,0.15887266560999064,0.5635289916036751,Mon Oct  3 20:19:13 2022,9223,val
13,1.0078797560471755,0.2798143453290949,0.19420126444985844,0.14675507535647878,0.12429291841774481,0.13599915150150768,0.5287096793540701,0.3456340101472989,0.24321213413099746,0.18645258847623042,0.1606901953255428,0.1566002927690124,0.5585267957904058,Mon Oct  3 20:19:13 2022,9223,test
