val_BLEU_4,time,seed,best_model_from,test_BLEU_4
0.14369495451311132,Wed Sep 28 14:10:06 2022,9223,val,
,Wed Sep 28 14:10:06 2022,9223,test,0.14369495451311132
