epoch,train_loss,val_BLEU_1,val_BLEU_2,val_BLEU_3,val_BLEU_4,val_METEOR,val_ROUGE_L,test_BLEU_1,test_BLEU_2,test_BLEU_3,test_BLEU_4,test_METEOR,test_ROUGE_L,time,seed,best_model_from
2,2.8202662211198075,0.36442737273240905,0.2225970280509964,0.15199904604517914,0.10855970463407914,0.14348411856375684,0.33631324627122755,0.37578921663338427,0.23240877754820927,0.16119531364841133,0.11724347206950868,0.14973292963894777,0.34793167751253823,Tue Sep 27 10:42:41 2022,9223,
1,4.202306831800021,0.37168194048461667,0.25763392258119167,0.1905910261933637,0.14369495451311132,0.1674246031817659,0.3916984507402453,0.425126500384458,0.29878016415900205,0.22733235192662285,0.17694135854611404,0.18627447980272402,0.41299368606402137,Tue Sep 27 10:42:41 2022,9223,test