epoch,train_loss,val_BLEU_1,val_BLEU_2,val_BLEU_3,val_BLEU_4,val_METEOR,val_ROUGE_L,test_BLEU_1,test_BLEU_2,test_BLEU_3,test_BLEU_4,test_METEOR,test_ROUGE_L,time,seed,best_model_from
2,2.8202662211198075,0.49999999999981937,0.34700430115293673,0.26196503277228633,0.20306568222390062,0.23791936850415757,0.44200930606620426,0.48034482758615166,0.3223857743465957,0.24210050313548587,0.1874618908660759,0.22943499638763296,0.41774407097682076,Wed Sep 28 13:38:14 2022,9223,val
2,2.8202662211198075,0.49999999999981937,0.34700430115293673,0.26196503277228633,0.20306568222390062,0.23791936850415757,0.44200930606620426,0.48034482758615166,0.3223857743465957,0.24210050313548587,0.1874618908660759,0.22943499638763296,0.41774407097682076,Wed Sep 28 13:38:14 2022,9223,test
1,4.202306831800021,0.37168194048461667,0.25763392258119167,0.1905910261933637,0.14369495451311132,0.1674246031817659,0.3916984507402453,0.425126500384458,0.29878016415900205,0.22733235192662285,0.17694135854611404,0.18627447980272402,0.41299368606402137,Tue Sep 27 09:25:28 2022,9223,
