epoch,train_loss,val_BLEU_1,val_BLEU_2,val_BLEU_3,val_BLEU_4,val_METEOR,val_ROUGE_L,test_BLEU_1,test_BLEU_2,test_BLEU_3,test_BLEU_4,test_METEOR,test_ROUGE_L,time,seed,best_model_from
22,0.760447605756613,0.3695958138305772,0.22950291961260716,0.16228693533360428,0.12382580248261138,0.15469157328342412,0.3483062538488286,0.40448090655307206,0.255192588791133,0.1833766368606025,0.1425750662682061,0.16809027237123933,0.36349230487411616,Wed Oct  5 16:55:42 2022,9223,val
20,0.8685435595420691,0.3673475975667664,0.2268540487734379,0.15992574179539054,0.12138902101824454,0.15062772789428133,0.33560046859457965,0.41641118363220303,0.26831734471610047,0.19556833294913392,0.15223547298430748,0.17176244922464148,0.3639482157532965,Wed Oct  5 16:55:42 2022,9223,test
