val_BLEU_4,epoch,train_loss,val_BLEU_1,val_BLEU_2,val_BLEU_3,val_METEOR,val_ROUGE_L,test_BLEU_1,test_BLEU_2,test_BLEU_3,test_BLEU_4,test_METEOR,test_ROUGE_L,time,seed,best_model_from
0.11032238362970599,3,3.025073849237882,0.23371781860621804,0.16316608343252156,0.12659425629862855,0.12860608966287923,0.5342177287081179,0.2947138437484057,0.20624111638572837,0.15933979363364142,0.1393365398898831,0.14466038061223147,0.5600916593744492,Tue Dec  6 18:52:19 2022,9223,val
0.11030856667195194,2,3.453667455453139,0.23390285748692943,0.1632722577165646,0.1266468773823844,0.12859592210189813,0.5341896119684474,0.295099585078557,0.20660810314144323,0.15951543768942653,0.13938376258217985,0.14481080861794823,0.5602875255114139,Tue Dec  6 18:52:19 2022,9223,test
