epoch,train_loss,val_BLEU_1,val_BLEU_2,val_BLEU_3,val_BLEU_4,val_METEOR,val_ROUGE_L,test_BLEU_1,test_BLEU_2,test_BLEU_3,test_BLEU_4,test_METEOR,test_ROUGE_L,time,seed,best_model_from
2,3.213695940604577,0.44187098752589765,0.2807700786640265,0.19842180936387804,0.1473614249268736,0.16765025097250064,0.3808661561117367,0.4787130371449543,0.30578063986475135,0.2198890048652133,0.1663808579134867,0.18583127779547587,0.39273028758247763,Tue Oct  4 03:49:45 2022,9223,val
2,3.213695940604577,0.44187098752589765,0.2807700786640265,0.19842180936387804,0.1473614249268736,0.16765025097250064,0.3808661561117367,0.4787130371449543,0.30578063986475135,0.2198890048652133,0.1663808579134867,0.18583127779547587,0.39273028758247763,Tue Oct  4 03:49:45 2022,9223,test
