epoch,train_loss,val_BLEU_1,val_BLEU_2,val_BLEU_3,val_BLEU_4,val_METEOR,val_ROUGE_L,test_BLEU_1,test_BLEU_2,test_BLEU_3,test_BLEU_4,test_METEOR,test_ROUGE_L,time,seed,best_model_from
2,2.8202662211198075,0.371250262502612,0.22675973570826052,0.15491438470502214,0.11058897756754019,0.15207109698024343,0.3379054203590832,0.38852168956411565,0.2371632956307302,0.16322505736042717,0.11745631704529497,0.15935409349288432,0.34889435895747195,Wed Sep 28 17:42:57 2022,9223,
1,4.202306831800021,0.37168194048461667,0.25763392258119167,0.1905910261933637,0.14369495451311132,0.1674246031817659,0.3916984507402453,0.425126500384458,0.29878016415900205,0.22733235192662285,0.17694135854611404,0.18627447980272402,0.41299368606402137,Wed Sep 28 17:42:57 2022,9223,test