epoch,train_loss,val_BLEU_1,val_BLEU_2,val_BLEU_3,val_BLEU_4,val_METEOR,val_ROUGE_L,test_BLEU_1,test_BLEU_2,test_BLEU_3,test_BLEU_4,test_METEOR,test_ROUGE_L,time,seed,best_model_from
1,4.4846139375980085,0.3664504880504751,0.24797987076678363,0.18429029099660427,0.13990950433898103,0.12034461181138995,0.35592569289563025,0.3919840764235401,0.2669077045186351,0.20212311884122133,0.15640658101656843,0.13066446695238138,0.3630212648573308,Fri Oct  7 06:42:44 2022,9223,val
1,4.4846139375980085,0.3664504880504751,0.24797987076678363,0.18429029099660427,0.13990950433898103,0.12034461181138995,0.35592569289563025,0.3919840764235401,0.2669077045186351,0.20212311884122133,0.15640658101656843,0.13066446695238138,0.3630212648573308,Fri Oct  7 06:42:44 2022,9223,test
