epoch,train_loss,val_BLEU_1,val_BLEU_2,val_BLEU_3,val_BLEU_4,val_METEOR,val_ROUGE_L,test_BLEU_1,test_BLEU_2,test_BLEU_3,test_BLEU_4,test_METEOR,test_ROUGE_L,time,seed,best_model_from
2,3.070964815066411,0.44217448068815157,0.2804933528155398,0.1994496895120027,0.1483869794011805,0.15987293430320787,0.37483778843959514,0.44519745222927665,0.283317586921715,0.20480403984624576,0.15549198047307403,0.17430311108916907,0.3816655891216354,Fri Oct 21 08:47:58 2022,9223,val
2,3.070964815066411,0.44217448068815157,0.2804933528155398,0.1994496895120027,0.1483869794011805,0.15987293430320787,0.37483778843959514,0.44519745222927665,0.283317586921715,0.20480403984624576,0.15549198047307403,0.17430311108916907,0.3816655891216354,Fri Oct 21 08:47:58 2022,9223,test
