epoch,train_loss,val_BLEU_1,val_BLEU_2,val_BLEU_3,val_BLEU_4,val_METEOR,val_ROUGE_L,test_BLEU_1,test_BLEU_2,test_BLEU_3,test_BLEU_4,test_METEOR,test_ROUGE_L,time,seed,best_model_from
2,3.1070870326115534,0.3437151880057043,0.2176005808664511,0.15550172408664764,0.11730990938235397,0.1442187591028466,0.35874383663269205,0.38452338460078733,0.24330357693191076,0.17655527377511854,0.13505997952740276,0.1599283681510885,0.3727492361776615,Sat Oct  8 07:13:46 2022,9223,val
33,0.4653608092894921,0.36902961136141976,0.22387363453753045,0.15250162287805694,0.11020979245702958,0.14959405177767454,0.3315694524454641,0.4001971133700473,0.26108481569002256,0.19421942039569562,0.15411309940642764,0.1670411433203525,0.3688025561548911,Sat Oct  8 07:13:46 2022,9223,test
