epoch,train_loss,val_BLEU_1,val_BLEU_2,val_BLEU_3,val_BLEU_4,val_METEOR,val_ROUGE_L,test_BLEU_1,test_BLEU_2,test_BLEU_3,test_BLEU_4,test_METEOR,test_ROUGE_L,time,seed,best_model_from
45,0.1965847617158523,0.39068100235137154,0.2383804498536667,0.16528309553510745,0.12463952545966539,0.15974029188401798,0.3360223436108271,0.41671892312273767,0.2571305272132098,0.17985495327404985,0.13527114001444368,0.1687475859878461,0.3575268821869459,Mon Oct 10 09:47:07 2022,9223,val
52,0.12185268533917573,0.4078265744797771,0.2445294027061025,0.16330644303130168,0.11601273167635608,0.16004371002000758,0.33578800440355305,0.4341257507444027,0.2776245125792888,0.20104823447961673,0.15645981758957553,0.1766203540132452,0.36442696501700894,Mon Oct 10 09:47:07 2022,9223,test
