epoch,train_loss,val_BLEU_1,val_BLEU_2,val_BLEU_3,val_BLEU_4,val_METEOR,val_ROUGE_L,test_BLEU_1,test_BLEU_2,test_BLEU_3,test_BLEU_4,test_METEOR,test_ROUGE_L,time,seed,best_model_from
46,0.18971149566081855,0.3800878782797219,0.23269328365274392,0.16322999637742303,0.12250110558763876,0.15459268399599335,0.3400787843733206,0.4036861614240696,0.25369285700331734,0.18046848098758342,0.1372708204141517,0.1650208263728292,0.35711917220850825,Wed Oct 19 22:37:07 2022,9223,val
29,0.4752170402270097,0.3845050503405947,0.23184413638279358,0.15766048283092707,0.11448486129824764,0.1551038430446889,0.3420999500453115,0.42382237543053625,0.26762682530358084,0.18976200409136343,0.14411170525929218,0.1712530177949079,0.3568424674471381,Wed Oct 19 22:37:07 2022,9223,test
