epoch,train_loss,val_BLEU_1,val_BLEU_2,val_BLEU_3,val_BLEU_4,val_METEOR,val_ROUGE_L,test_BLEU_1,test_BLEU_2,test_BLEU_3,test_BLEU_4,test_METEOR,test_ROUGE_L,time,seed,best_model_from
2,3.2834482523111195,0.46120847426839806,0.2999309523222469,0.21528320826221625,0.1605824866607611,0.17723284940866846,0.39014329224770367,0.483645103981582,0.31975200425708405,0.23587387279894934,0.18024844519869462,0.19652218877201189,0.40460808220876515,Wed Oct  5 00:28:43 2022,9223,val
2,3.2834482523111195,0.46120847426839806,0.2999309523222469,0.21528320826221625,0.1605824866607611,0.17723284940866846,0.39014329224770367,0.483645103981582,0.31975200425708405,0.23587387279894934,0.18024844519869462,0.19652218877201189,0.40460808220876515,Wed Oct  5 00:28:43 2022,9223,test
