epoch,train_loss,val_BLEU_1,val_BLEU_2,val_BLEU_3,val_BLEU_4,val_METEOR,val_ROUGE_L,test_BLEU_1,test_BLEU_2,test_BLEU_3,test_BLEU_4,test_METEOR,test_ROUGE_L,time,seed,best_model_from
2,3.0872321110505325,0.4520566785886175,0.2897660074674446,0.20604568725729538,0.15343887186226196,0.16930218513030826,0.37715436231389193,0.4568816658201901,0.2928395708216714,0.2108036301058078,0.15940091206928275,0.18631761598009938,0.39005269300232565,Fri Oct 28 07:49:57 2022,9223,val
2,3.0872321110505325,0.4520566785886175,0.2897660074674446,0.20604568725729538,0.15343887186226196,0.16930218513030826,0.37715436231389193,0.4568816658201901,0.2928395708216714,0.2108036301058078,0.15940091206928275,0.18631761598009938,0.39005269300232565,Fri Oct 28 07:49:57 2022,9223,test
