epoch,train_loss,val_BLEU_1,val_BLEU_2,val_BLEU_3,val_BLEU_4,val_METEOR,val_ROUGE_L,test_BLEU_1,test_BLEU_2,test_BLEU_3,test_BLEU_4,test_METEOR,test_ROUGE_L,time,seed,best_model_from
2,3.268174386024475,0.43188737378193576,0.27595874888508937,0.19648253760826595,0.14469868184397142,0.16291812335652933,0.3754762939829723,0.4637966094008383,0.2971230981178659,0.2145365732134479,0.16172456079607547,0.1781097123703691,0.38930762650574996,Thu Oct  6 16:16:57 2022,9223,val
2,3.268174386024475,0.43188737378193576,0.27595874888508937,0.19648253760826595,0.14469868184397142,0.16291812335652933,0.3754762939829723,0.4637966094008383,0.2971230981178659,0.2145365732134479,0.16172456079607547,0.1781097123703691,0.38930762650574996,Thu Oct  6 16:16:57 2022,9223,test